Designator,Mid X,Mid Y,Layer,Rotation
BT1,91.9874mm,25.4946mm,Bottom,90.0
C1,4.1124mm,18.9546mm,Bottom,270.0
C2,6.1124mm,18.9546mm,Bottom,270.0
C3,8.1124mm,18.9546mm,Bottom,270.0
C4,10.1124mm,18.9546mm,Bottom,270.0
C5,12.1124mm,18.9546mm,Bottom,270.0
C6,4.1124mm,14.9546mm,Bottom,90.0
C7,6.1124mm,14.9546mm,Bottom,90.0
C8,8.1124mm,14.9546mm,Bottom,90.0
C9,10.1124mm,14.9546mm,Bottom,90.0
C10,12.1124mm,14.9546mm,Bottom,90.0
C14,10.5874mm,9.4946mm,Bottom,270.0
C15,12.5874mm,9.4946mm,Bottom,270.0
C16,14.5874mm,9.4946mm,Bottom,270.0
C17,16.5874mm,9.4946mm,Bottom,270.0
C18,18.5874mm,9.4946mm,Bottom,270.0
C19,10.5874mm,5.4946mm,Bottom,90.0
C20,12.5874mm,5.4946mm,Bottom,90.0
C21,14.5874mm,5.4946mm,Bottom,90.0
C22,16.5874mm,5.4946mm,Bottom,90.0
C23,18.5874mm,5.4946mm,Bottom,90.0
C27,61.7874mm,65.0946mm,Bottom,270.0
C28,53.7874mm,82.5946mm,Bottom,0.0
C29,55.4874mm,77.076623mm,Bottom,0.0
C30,57.177401mm,82.5946mm,Bottom,180.0
C31,59.5874mm,73.4946mm,Bottom,90.0
C32,61.3874mm,73.4946mm,Bottom,90.0
C33,96.9874mm,33.9946mm,Bottom,270.0
D1,87.9874mm,15.9946mm,Bottom,0.0
D2,18.9874mm,70.4946mm,Bottom,90.0
D4,18.9874mm,77.9946mm,Bottom,90.0
D8,55.4874mm,79.576623mm,Bottom,90.0
F5,30.0374mm,55.3946mm,Bottom,270.0
F6,30.0374mm,62.3946mm,Bottom,270.0
F7,30.1374mm,48.3946mm,Bottom,270.0
F8,30.0874mm,41.4446mm,Bottom,270.0
F9,30.0874mm,34.4446mm,Bottom,270.0
F10,83.1374mm,32.4446mm,Bottom,270.0
J2,109.2374mm,72.3746mm,Bottom,180.0
J3,88.9824mm,79.0896mm,Bottom,180.0
J4,10.3174mm,30.4546mm,Bottom,0.0
J5,10.3074mm,49.5146mm,Bottom,0.0
J10,109.2374mm,38.0746mm,Bottom,180.0
L1,56.4874mm,84.9946mm,Bottom,270.0
L2,54.4874mm,84.9946mm,Bottom,270.0
R2,15.9874mm,20.9946mm,Bottom,90.0
R3,15.9874mm,17.9946mm,Bottom,90.0
R5,56.8874mm,61.7946mm,Bottom,270.0
R6,77.5874mm,70.7946mm,Bottom,270.0
R7,48.9874mm,4.372918mm,Bottom,90.0
R8,51.4874mm,4.372918mm,Bottom,90.0
R12,30.2874mm,76.6946mm,Bottom,90.0
R13,30.2874mm,73.2946mm,Bottom,90.0
R15,2.4874mm,89.8446mm,Bottom,90.0
R16,5.0374mm,89.8446mm,Bottom,90.0
R17,28.4999mm,62.3946mm,Bottom,90.0
R18,28.4999mm,55.3946mm,Bottom,90.0
R19,28.4999mm,48.3946mm,Bottom,90.0
R20,23.8874mm,62.3946mm,Bottom,180.0
R21,23.8874mm,55.3946mm,Bottom,180.0
R22,23.8874mm,48.3946mm,Bottom,180.0
R23,28.4999mm,41.3946mm,Bottom,90.0
R24,28.4999mm,34.3946mm,Bottom,90.0
R25,28.4999mm,27.3946mm,Bottom,90.0
R26,23.8874mm,41.3946mm,Bottom,180.0
R27,23.8874mm,34.3946mm,Bottom,180.0
R28,23.8874mm,27.3946mm,Bottom,180.0
R29,4.2374mm,41.7946mm,Bottom,90.0
R30,36.1874mm,26.1446mm,Bottom,90.0
R31,2.5374mm,41.7946mm,Bottom,90.0
R32,33.8374mm,28.3946mm,Bottom,270.0
R33,31.9874mm,27.9946mm,Bottom,270.0
R34,5.8874mm,41.7946mm,Bottom,90.0
U4,55.4874mm,71.7946mm,Bottom,180.0
U6,4.4224mm,84.2696mm,Bottom,180.0
U8,25.3124mm,75.5896mm,Bottom,90.0
U9,3.1374mm,68.1946mm,Bottom,180.0
U10,3.1374mm,59.4446mm,Bottom,180.0
U11,3.1374mm,50.8946mm,Bottom,180.0
C11,1.5874mm,17.2946mm,Top,270.0
C12,1.5874mm,14.1946mm,Top,90.0
C13,16.7124mm,14.9546mm,Top,270.0
C24,7.5874mm,8.9946mm,Top,270.0
C25,7.5874mm,5.4946mm,Top,90.0
C26,23.5874mm,5.4946mm,Top,270.0
D3,18.9874mm,76.4946mm,Top,90.0
D5,18.9874mm,68.9946mm,Top,90.0
F1,22.7874mm,16.9946mm,Top,270.0
F2,20.9874mm,22.5946mm,Top,0.0
F3,20.5874mm,16.9946mm,Top,270.0
F4,18.3874mm,16.9946mm,Top,270.0
G1,88.9874mm,3.4946mm,Top,0.0
G2,71.9874mm,5.4946mm,Top,0.0
G3,39.4874mm,49.9546mm,Top,90.0
G4,47.1074mm,49.9546mm,Top,90.0
J6,98.1374mm,37.8946mm,Top,270.0
J7,82.9874mm,2.9946mm,Top,90.0
J8,58.3624mm,4.6946mm,Top,90.0
J9,49.9874mm,3.9946mm,Top,0.0
P1,31.9874mm,57.4946mm,Top,0.0
P2,34.8874mm,57.4946mm,Top,0.0
P3,62.4874mm,2.4946mm,Top,0.0
P4,62.4874mm,7.4946mm,Top,0.0
P7,83.1874mm,23.9946mm,Top,0.0
P8,83.1874mm,19.2946mm,Top,0.0
P15,5.5274mm,11.4946mm,Top,0.0
P16,8.0674mm,11.4946mm,Top,0.0
P17,2.9874mm,11.4946mm,Top,0.0
P18,22.9874mm,10.9946mm,Top,0.0
Q7,22.6474mm,62.4946mm,Top,0.0
Q8,22.6474mm,55.4946mm,Top,0.0
Q9,22.6474mm,48.4946mm,Top,0.0
Q10,22.6474mm,41.4946mm,Top,0.0
Q11,22.6474mm,34.4946mm,Top,0.0
Q12,22.6474mm,27.4946mm,Top,0.0
R1,34.919897mm,79.9196mm,Top,180.0
R4,43.462009mm,4.564209mm,Top,270.0
R9,16.7124mm,17.9546mm,Top,270.0
R10,28.5874mm,72.4446mm,Top,180.0
R11,30.1874mm,78.3446mm,Top,270.0
R14,23.5874mm,8.3946mm,Top,270.0
R35,94.731779mm,80.311mm,Top,0.0
R36,94.731779mm,77.811mm,Top,0.0
R37,94.731779mm,75.311mm,Top,0.0
R38,98.181779mm,80.311mm,Top,0.0
R39,98.181779mm,77.811mm,Top,0.0
R40,98.181779mm,75.311mm,Top,0.0
U1,8.9874mm,17.4946mm,Top,0.0
U2,15.6124mm,8.0346mm,Top,0.0
U3,76.00065mm,63.9946mm,Top,270.0
U5,92.6374mm,21.1196mm,Top,180.0
U7,25.3124mm,76.8596mm,Top,90.0
R428,40.296799mm,6.474099000000001mm,Bottom,90.0
R427,27.162399mm,5.119599mm,Bottom,0.0
R426,38.688199mm,5.479499000000001mm,Top,270.0
R425,37.380099mm,12.594599mm,Top,90.0
R424,37.380099mm,14.891699000000001mm,Top,270.0
LED4,25.620499mm,4.2306989999999995mm,Top,270.0
LED3,38.688199mm,7.628799000000001mm,Top,90.0
LED2,38.461499mm,12.619599000000001mm,Top,90.0
LED1,38.461499mm,14.866699mm,Top,270.0
R422,31.470799mm,4.119599mm,Bottom,180.0
C426,37.702399mm,9.519599000000001mm,Top,0.0
C425,35.012399mm,9.519599000000001mm,Top,180.0
F410,32.169399mm,17.786399mm,Top,0.0
C415,37.335799mm,3.819599mm,Bottom,0.0
C414,36.360799mm,13.329599mm,Bottom,180.0
U411,34.934599mm,8.469599mm,Bottom,90.0
D410,27.812399mm,17.486399mm,Bottom,180.0
R411,27.910799mm,20.386398999999997mm,Bottom,270.0
D417,30.560799mm,20.619598999999997mm,Bottom,180.0
C410,35.805399mm,18.679599mm,Bottom,180.0
D412,31.462398999999998mm,21.236399mm,Top,180.0
R410,28.685799mm,21.269599mm,Top,0.0
D413,31.462398999999998mm,19.611399mm,Top,180.0
C411,30.535799mm,18.819599mm,Bottom,0.0
R413,30.535799mm,17.286399mm,Bottom,0.0
D414,28.012399mm,18.819599mm,Bottom,0.0
D418,31.742399mm,13.619599000000001mm,Top,0.0
D416,36.613999mm,17.713299mm,Top,180.0
U410,36.210799mm,20.319599mm,Top,180.0
C412,35.805399mm,20.719599mm,Bottom,180.0
C413,33.835799mm,19.882499mm,Top,90.0
D411,28.160799mm,18.811099mm,Top,0.0
U420,29.075799mm,9.711399mm,Bottom,180.0
R420,33.185799mm,18.136498999999997mm,Bottom,90.0
C429,31.370798999999998mm,5.119599mm,Bottom,0.0
C427,32.092099mm,18.321499mm,Bottom,270.0
C428,29.181699000000002mm,5.119599mm,Bottom,180.0
C423,30.008999mm,15.211399mm,Bottom,90.0
C421,31.200599mm,15.211399mm,Bottom,90.0
C422,32.392099mm,15.211399mm,Bottom,90.0
C424,28.812399mm,15.211399mm,Bottom,270.0
R421,32.567099mm,13.449599000000001mm,Bottom,0.0
R423,29.281699mm,4.119599mm,Bottom,180.0
D420,30.812399mm,3.119599mm,Top,0.0
C420,27.762399mm,15.619599000000001mm,Bottom,270.0
L420,35.712399mm,15.519599000000001mm,Bottom,180.0
D421,36.062399mm,5.158799mm,Top,270.0
L421,30.312399mm,7.7195990000000005mm,Top,0.0
C474,78.577399mm,76.866mm,Bottom,180.0
R470,77.66239900000001mm,80.51960000000001mm,Bottom,90.0
U471,78.60939900000001mm,75.4846mm,Top,90.0
R474,78.576999mm,74.6196mm,Bottom,90.0
R473,78.11239900000001mm,75.87920000000001mm,Bottom,180.0
R472,77.66239900000001mm,78.39460000000001mm,Bottom,90.0
C473,79.562399mm,74.51960000000001mm,Bottom,90.0
C472,77.712399mm,74.51960000000001mm,Bottom,270.0
U470,78.60939900000001mm,79.45960000000001mm,Top,90.0
R471,78.562399mm,80.51960000000001mm,Bottom,270.0
C471,79.562399mm,80.4696mm,Bottom,270.0
C470,79.562399mm,78.3446mm,Bottom,90.0
C752,47.1124mm,63.7196mm,Bottom,90.0
C753,45.1874mm,63.7446mm,Bottom,270.0
C755,50.3124mm,65.7446mm,Bottom,270.0
C756,50.3124mm,67.8796mm,Bottom,270.0
C757,49.3624mm,67.8796mm,Bottom,270.0
C760,43.6124mm,73.0696mm,Bottom,180.0
C761,51.2024mm,76.0196mm,Bottom,90.0
C762,45.447789mm,73.073163mm,Bottom,0.0
C764,50.3124mm,63.9246mm,Bottom,90.0
C766,51.2424mm,63.8746mm,Bottom,90.0
R752,45.5614mm,75.310347mm,Bottom,270.0
R753,43.6374mm,75.310347mm,Bottom,90.0
R754,49.3624mm,63.8196mm,Bottom,90.0
R757,48.4124mm,63.8696mm,Bottom,270.0
R760,46.1374mm,63.7446mm,Bottom,270.0
R761,49.3624mm,65.6946mm,Bottom,90.0
R762,48.4124mm,65.7696mm,Bottom,90.0
R763,43.1024mm,63.8596mm,Bottom,270.0
R765,51.2424mm,67.8796mm,Bottom,90.0
R766,48.412473mm,67.866685mm,Bottom,90.0
U752,50.0124mm,70.8696mm,Bottom,270.0
U753,45.1624mm,68.65388300000001mm,Bottom,180.0
U757,48.933184mm,74.9696mm,Bottom,270.0
C751,44.5124mm,71.8946mm,Top,180.0
C754,43.5324mm,68.3196mm,Top,0.0
C758,43.5324mm,66.0196mm,Top,180.0
C759,45.523993mm,68.3196mm,Top,0.0
C763,46.7624mm,76.0196mm,Top,90.0
C765,48.5824mm,72.8596mm,Top,270.0
C767,45.523993mm,66.0196mm,Top,0.0
C768,49.8324mm,70.6296mm,Top,0.0
C769,46.1124mm,63.5296mm,Top,90.0
D751,48.0024mm,75.5796mm,Top,270.0
R751,49.6124mm,75.7196mm,Top,90.0
R755,45.9124mm,71.3796mm,Top,90.0
R756,43.0374mm,71.4246mm,Top,270.0
R758,44.476615mm,70.6696mm,Top,180.0
R759,46.9124mm,71.3796mm,Top,270.0
R764,43.5324mm,67.3196mm,Top,0.0
R767,45.523993mm,69.3196mm,Top,180.0
R768,45.523993mm,67.3196mm,Top,0.0
R769,43.5324mm,69.3196mm,Top,0.0
R770,46.922399999999996mm,73.2796mm,Top,270.0
U751,44.593997mm,74.643894mm,Top,90.0
U754,49.2124mm,66.47157mm,Top,180.0
U755,50.5024mm,72.6596mm,Top,270.0
U756,44.1124mm,64.122805mm,Top,0.0
C771,36.7124mm,69.3696mm,Top,180.0
C772,36.0124mm,64.4696mm,Top,90.0
C773,37.360305mm,64.4696mm,Top,90.0
D771,39.2124mm,67.5696mm,Top,90.0
R771,33.0124mm,73.9696mm,Top,90.0
R772,36.8124mm,75.8696mm,Top,180.0
R773,35.4124mm,72.2696mm,Top,90.0
R774,37.9124mm,72.2696mm,Top,90.0
R775,36.7124mm,68.0696mm,Top,180.0
R776,39.1624mm,64.4696mm,Top,90.0
R777,36.7124mm,66.5696mm,Top,180.0
U771,33.5124mm,66.6696mm,Top,270.0
C601,95.7124mm,48.6946mm,Bottom,0.0
C602,95.7124mm,47.7446mm,Bottom,0.0
C603,97.9124mm,47.7446mm,Bottom,180.0
C604,95.7124mm,46.7946mm,Bottom,0.0
C605,97.370732mm,60.6196mm,Bottom,90.0
C606,97.9124mm,46.7946mm,Bottom,0.0
C607,93.48740000000001mm,64.2946mm,Bottom,90.0
C608,87.23740000000001mm,47.0196mm,Bottom,270.0
C617,89.88777200000001mm,41.1946mm,Bottom,0.0
C618,95.48740000000001mm,43.619536mm,Bottom,90.0
D604,97.6624mm,43.2196mm,Bottom,270.0
R602,92.61240000000001mm,55.5196mm,Bottom,270.0
R603,90.61240000000001mm,54.7446mm,Bottom,90.0
R604,97.9124mm,48.6946mm,Bottom,180.0
R605,91.61240000000001mm,54.7196mm,Bottom,270.0
R606,92.3374mm,63.3196mm,Bottom,270.0
R607,98.43740000000001mm,60.6196mm,Bottom,270.0
R608,91.61240000000001mm,56.6196mm,Bottom,90.0
R609,87.2624mm,49.6196mm,Bottom,270.0
R610,94.86240000000001mm,58.6946mm,Bottom,270.0
R611,94.86240000000001mm,60.6196mm,Bottom,270.0
R612,96.12906600000001mm,60.6196mm,Bottom,90.0
R613,88.9624mm,50.5946mm,Bottom,180.0
R614,88.18740000000001mm,47.015309mm,Bottom,90.0
R615,88.6624mm,49.0696mm,Bottom,90.0
R616,88.68740000000001mm,64.2696mm,Bottom,270.0
R618,90.61240000000001mm,51.9946mm,Bottom,270.0
R619,91.61240000000001mm,52.8196mm,Bottom,270.0
R620,92.61240000000001mm,52.8196mm,Bottom,90.0
R621,87.75240000000001mm,41.1946mm,Bottom,0.0
R622,88.68740000000001mm,62.3196mm,Bottom,90.0
R623,92.61240000000001mm,50.9446mm,Bottom,270.0
R624,86.2874mm,47.0196mm,Bottom,90.0
R629,91.89874800000001mm,41.2046mm,Bottom,180.0
R630,89.17240000000001mm,56.0346mm,Bottom,270.0
U600,96.1624mm,53.2446mm,Bottom,0.0
U601,87.23740000000001mm,43.8946mm,Bottom,90.0
U605,91.962772mm,45.3946mm,Bottom,270.0
C600,97.5374mm,55.4821mm,Top,0.0
C609,96.11240000000001mm,47.1696mm,Top,0.0
C610,89.56240000000001mm,41.7716mm,Top,90.0
C611,91.4624mm,56.5946mm,Top,0.0
C612,89.56240000000001mm,56.5946mm,Top,180.0
C613,94.0874mm,42.6696mm,Top,90.0
C614,93.5874mm,56.5946mm,Top,180.0
C615,86.7874mm,46.4946mm,Top,180.0
C616,91.62490000000001mm,44.8196mm,Top,0.0
D600,96.68740000000001mm,65.19460000000001mm,Top,180.0
D601,98.0124mm,52.4196mm,Top,270.0
D602,98.0124mm,49.4446mm,Top,90.0
D603,87.1824mm,44.91215mm,Top,0.0
Q600,93.4624mm,60.754599999999996mm,Top,180.0
Q601,86.7874mm,60.8446mm,Top,270.0
R600,95.6374mm,56.5446mm,Top,0.0
R601,97.5374mm,56.5446mm,Top,0.0
R617,86.7874mm,55.2946mm,Top,180.0
R625,94.11240000000001mm,44.6446mm,Top,90.0
R626,97.5374mm,54.4196mm,Top,0.0
R627,97.98740000000001mm,47.2946mm,Top,0.0
R628,89.56240000000001mm,44.4196mm,Top,270.0
U602,91.31240000000001mm,50.9446mm,Top,180.0
U603,87.31240000000001mm,42.3196mm,Top,0.0
U604,91.7874mm,42.3696mm,Top,90.0
R148,67.68741mm,13.994599999999998mm,Bottom,0.0
R142,66.28741mm,13.0946mm,Bottom,0.0
U108,50.107209999999995mm,46.1856mm,Top,180.0
VD103,47.287409999999994mm,41.5996mm,Bottom,90.0
U101,75.33740999999999mm,16.7482mm,Top,90.0
C119,67.68731mm,21.4752mm,Bottom,180.0
R147,58.67581mm,13.6783mm,Bottom,180.0
R146,78.35351mm,15.0946mm,Bottom,90.0
R141,65.28741mm,13.0946mm,Bottom,0.0
U102,70.23091mm,18.4661mm,Bottom,0.0
R109,70.17111mm,19.0618mm,Top,0.0
R108,73.08740999999999mm,19.4506mm,Bottom,0.0
Q103,69.44461mm,16.9978mm,Top,0.0
Q102,64.89241mm,14.394600000000004mm,Top,0.0
Q101,70.61491mm,14.159600000000005mm,Bottom,180.0
Q100,73.98741mm,16.7996mm,Bottom,90.0
L100,64.08801mm,32.8446mm,Bottom,0.0
F100,62.23241mm,14.166200000000003mm,Bottom,0.0
C120,65.98731mm,32.9951mm,Top,180.0
C107,71.10891mm,16.3946mm,Bottom,180.0
C106,71.08391mm,20.7377mm,Bottom,180.0
U110,71.53430999999999mm,22.7897mm,Bottom,90.0
R145,71.49521mm,25.7499mm,Bottom,180.0
R144,71.49521mm,24.8044mm,Bottom,180.0
R143,78.09061mm,36.9634mm,Bottom,90.0
R107,69.37351mm,14.816200000000002mm,Top,180.0
D108,69.73431mm,13.444600000000001mm,Top,0.0
U107,48.38091mm,36.990700000000004mm,Bottom,180.0
U106,47.695009999999996mm,23.562800000000003mm,Top,180.0
C134,48.38091mm,38.727000000000004mm,Bottom,180.0
C126,47.39221mm,21.619500000000002mm,Top,0.0
VD102,50.64121mm,41.5996mm,Bottom,90.0
VD101,47.287409999999994mm,45.9896mm,Bottom,270.0
VD100,50.64121mm,45.9896mm,Bottom,270.0
U109,50.107209999999995mm,43.7106mm,Top,180.0
U103,72.98741mm,30.369600000000002mm,Bottom,90.0
U100,75.38731mm,23.694100000000002mm,Top,270.0
U195,68.18741mm,37.8446mm,Top,270.0
U190,53.98741mm,37.8446mm,Top,270.0
U185,75.28741mm,37.8446mm,Top,270.0
U180,61.08741mm,37.8446mm,Top,270.0
S101,59.28771mm,14.580300000000001mm,Top,180.0
S100,48.14091mm,27.6946mm,Top,270.0
R140,54.18731mm,43.894600000000004mm,Bottom,180.0
R111,77.98741mm,32.5446mm,Bottom,0.0
R112,77.98741mm,31.494600000000002mm,Bottom,0.0
R117,77.98741mm,26.244600000000002mm,Bottom,0.0
R115,77.98741mm,28.3446mm,Bottom,0.0
R116,77.98741mm,27.294600000000003mm,Bottom,0.0
R114,77.98741mm,29.3946mm,Bottom,0.0
R113,77.98741mm,30.4446mm,Bottom,0.0
R110,77.98741mm,33.5946mm,Bottom,0.0
R120,47.669109999999996mm,20.407600000000002mm,Top,180.0
R100,78.28730999999999mm,23.6946mm,Bottom,270.0
R258,57.529709999999994mm,44.3997mm,Bottom,90.0
R255,78.33740999999999mm,46.2946mm,Bottom,90.0
R256,56.58741mm,41.6946mm,Bottom,270.0
R254,78.43741mm,43.8446mm,Top,90.0
R245,60.88731mm,45.3446mm,Bottom,180.0
R227,65.68741mm,45.3446mm,Bottom,180.0
R200,75.28730999999999mm,45.3446mm,Bottom,180.0
R197,68.18731mm,36.494600000000005mm,Bottom,0.0
R196,68.18741mm,39.2946mm,Bottom,180.0
R195,65.33731mm,39.7946mm,Bottom,90.0
R191,54.08741mm,36.494600000000005mm,Bottom,0.0
R190,54.08741mm,39.2946mm,Bottom,180.0
R186,75.28741mm,36.494600000000005mm,Bottom,0.0
R185,75.28741mm,39.2946mm,Bottom,180.0
R181,61.08741mm,36.494600000000005mm,Bottom,0.0
R180,61.08741mm,39.2946mm,Bottom,180.0
R139,52.98741mm,46.394600000000004mm,Top,90.0
R138,54.18741mm,46.394600000000004mm,Top,90.0
R137,55.387409999999996mm,46.394600000000004mm,Top,90.0
R136,56.58741mm,46.394600000000004mm,Top,90.0
R135,52.98741mm,45.394600000000004mm,Top,270.0
R132,54.18741mm,45.394600000000004mm,Top,270.0
R126,55.387409999999996mm,45.394600000000004mm,Top,270.0
R124,56.58741mm,45.394600000000004mm,Top,270.0
R119,77.38741mm,32.494600000000005mm,Top,270.0
R118,77.38741mm,28.3946mm,Top,270.0
R253,58.98741mm,46.394600000000004mm,Top,270.0
R252,60.18741mm,46.394600000000004mm,Top,270.0
R251,61.387409999999996mm,46.394600000000004mm,Top,270.0
R250,62.58741mm,46.394600000000004mm,Top,270.0
R249,58.98741mm,45.394600000000004mm,Top,90.0
R248,60.18741mm,45.394600000000004mm,Top,90.0
R247,61.387409999999996mm,45.394600000000004mm,Top,90.0
R246,62.58741mm,45.394600000000004mm,Top,90.0
R235,63.787409999999994mm,46.394600000000004mm,Top,270.0
R234,64.98741mm,46.394600000000004mm,Top,270.0
R233,66.18741mm,46.394600000000004mm,Top,270.0
R232,67.38741mm,46.394600000000004mm,Top,270.0
R231,63.787409999999994mm,45.394600000000004mm,Top,90.0
R230,64.98741mm,45.394600000000004mm,Top,90.0
R229,66.18741mm,45.394600000000004mm,Top,90.0
R228,67.38741mm,45.394600000000004mm,Top,90.0
R226,68.58740999999999mm,46.394600000000004mm,Top,90.0
R225,69.78741mm,46.394600000000004mm,Top,90.0
R224,70.98741mm,46.394600000000004mm,Top,90.0
R223,72.18741mm,46.394600000000004mm,Top,90.0
R222,68.58740999999999mm,45.394600000000004mm,Top,270.0
R221,69.78741mm,45.394600000000004mm,Top,270.0
R220,70.98741mm,45.394600000000004mm,Top,270.0
R219,72.18741mm,45.394600000000004mm,Top,270.0
R218,70.48741mm,45.3446mm,Bottom,180.0
R208,73.38741mm,46.394600000000004mm,Top,90.0
R207,74.58740999999999mm,46.394600000000004mm,Top,90.0
R206,75.78741mm,46.394600000000004mm,Top,90.0
R205,76.98741mm,46.394600000000004mm,Top,90.0
R204,73.38741mm,45.394600000000004mm,Top,270.0
R203,74.58740999999999mm,45.394600000000004mm,Top,270.0
R202,75.78741mm,45.394600000000004mm,Top,270.0
R201,76.98741mm,45.394600000000004mm,Top,270.0
P106,56.08741mm,34.4446mm,Top,90.0
P105,63.707409999999996mm,34.4446mm,Top,90.0
P104,59.69741mm,34.4446mm,Top,90.0
P201,57.73741mm,45.894600000000004mm,Top,270.0
P200,78.28741mm,47.394600000000004mm,Top,270.0
J100,52.537409999999994mm,24.5946mm,Bottom,270.0
D100,74.88741mm,24.4023mm,Bottom,0.0
D205,48.29091mm,39.1382mm,Top,270.0
D206,60.787409999999994mm,42.5946mm,Top,0.0
D203,65.58740999999999mm,42.5946mm,Top,0.0
D200,75.18741mm,42.5946mm,Top,0.0
D116,73.85131mm,33.795100000000005mm,Top,0.0
D115,69.61301mm,33.795100000000005mm,Top,0.0
D114,73.85131mm,31.861700000000003mm,Top,0.0
D113,69.61301mm,31.861700000000003mm,Top,0.0
D112,73.85131mm,29.9284mm,Top,0.0
D111,69.61301mm,29.9284mm,Top,0.0
D110,73.85131mm,27.9951mm,Top,0.0
D109,69.73431mm,27.855700000000002mm,Top,0.0
D202,70.38741mm,42.5946mm,Top,0.0
C143,56.58741mm,43.4946mm,Top,90.0
C144,55.387409999999996mm,43.4946mm,Top,270.0
C145,54.18741mm,43.4946mm,Top,90.0
C146,52.98741mm,43.4946mm,Top,90.0
C112,67.67520999999999mm,34.109300000000005mm,Bottom,180.0
C111,77.98741mm,34.5946mm,Bottom,0.0
C123,52.387409999999996mm,15.9696mm,Bottom,180.0
C117,52.387409999999996mm,14.702100000000002mm,Bottom,180.0
C105,74.18741mm,22.1946mm,Bottom,180.0
C100,76.75990999999999mm,22.1946mm,Bottom,0.0
C229,56.58741mm,44.3997mm,Bottom,270.0
C224,78.43741mm,45.7946mm,Top,270.0
C223,78.43741mm,41.5446mm,Top,270.0
C222,78.38741mm,44.4946mm,Bottom,90.0
C221,58.16471mm,41.7218mm,Top,90.0
C220,58.27211mm,41.6946mm,Bottom,90.0
C225,62.78731mm,42.644600000000004mm,Bottom,90.0
C226,61.68741mm,42.644600000000004mm,Bottom,90.0
C227,59.53731mm,42.644600000000004mm,Bottom,90.0
C228,58.47211mm,45.3997mm,Bottom,270.0
C212,67.58731mm,42.644600000000004mm,Bottom,90.0
C213,66.48741mm,42.644600000000004mm,Bottom,90.0
C214,64.33731mm,42.644600000000004mm,Bottom,90.0
C215,63.293009999999995mm,45.3997mm,Bottom,270.0
C200,77.18731mm,42.644600000000004mm,Bottom,90.0
C201,76.08740999999999mm,42.644600000000004mm,Bottom,90.0
C202,73.93731mm,42.644600000000004mm,Bottom,90.0
C203,72.89690999999999mm,45.3997mm,Bottom,270.0
C195,65.33731mm,37.1946mm,Bottom,90.0
C190,51.23741mm,37.3446mm,Bottom,90.0
C185,72.43741mm,37.1946mm,Bottom,90.0
C180,58.23741mm,37.1946mm,Bottom,90.0
C142,52.98741mm,46.394600000000004mm,Bottom,90.0
C141,54.18741mm,46.394600000000004mm,Bottom,90.0
C139,55.38731mm,46.394600000000004mm,Bottom,270.0
C135,56.58741mm,46.394600000000004mm,Bottom,90.0
C211,68.07930999999999mm,45.3997mm,Bottom,270.0
C210,69.13731mm,42.644600000000004mm,Bottom,90.0
C209,71.28741mm,42.644600000000004mm,Bottom,90.0
C208,72.38731mm,42.644600000000004mm,Bottom,90.0
C147,61.637409999999996mm,28.9859mm,Bottom,0.0
F101,76.68741mm,15.797400000000003mm,Bottom,270.0
R134,67.43741mm,16.294600000000003mm,Bottom,180.0
R133,67.43741mm,15.119599999999998mm,Bottom,180.0
C133,67.28741mm,18.404600000000002mm,Bottom,270.0
R131,60.49141mm,33.0508mm,Bottom,0.0
R130,67.18731mm,27.869600000000002mm,Bottom,270.0
R129,67.18731mm,31.744600000000002mm,Bottom,270.0
Y101,64.90001mm,19.9772mm,Bottom,180.0
C116,63.95881mm,21.466mm,Bottom,0.0
C115,65.82301mm,21.4523mm,Bottom,180.0
C124,61.637409999999996mm,30.125700000000002mm,Bottom,180.0
R121,51.96200999999999mm,13.617600000000003mm,Bottom,0.0
R106,58.137409999999996mm,15.4696mm,Bottom,180.0
J101,52.787409999999994mm,14.744599999999998mm,Top,0.0
C108,65.68741mm,18.3946mm,Bottom,180.0
R105,47.73831mm,31.0135mm,Top,180.0
R104,47.93831mm,32.203500000000005mm,Top,180.0
R103,47.73831mm,33.313500000000005mm,Top,180.0
R125,47.18741mm,44.8746mm,Top,90.0
C104,73.33740999999999mm,13.794600000000003mm,Bottom,270.0
C137,65.99221mm,34.0861mm,Top,180.0
D101,76.55790999999999mm,19.5501mm,Bottom,0.0
C101,49.59581mm,13.617600000000003mm,Bottom,0.0
R102,77.75990999999999mm,21.1201mm,Bottom,0.0
R101,67.18731mm,23.994600000000002mm,Bottom,90.0
D102,47.887409999999996mm,14.994599999999998mm,Top,270.0
Y102,62.24361mm,25.008100000000002mm,Bottom,270.0
R122,47.887409999999996mm,35.1946mm,Bottom,180.0
R123,50.17761mm,37.2187mm,Bottom,90.0
R127,62.08741mm,19.294600000000003mm,Bottom,0.0
R128,58.40961mm,33.0508mm,Bottom,0.0
D106,69.73431mm,20.4297mm,Top,0.0
D105,69.73431mm,22.2297mm,Top,0.0
D107,63.582409999999996mm,16.7051mm,Bottom,0.0
D104,69.73431mm,24.029700000000002mm,Top,0.0
D103,69.73431mm,25.829700000000003mm,Top,0.0
C140,62.08741mm,20.3946mm,Bottom,180.0
C132,64.51991mm,24.0195mm,Bottom,270.0
C136,64.51991mm,26.0947mm,Bottom,90.0
C127,53.887409999999996mm,33.0508mm,Bottom,180.0
C138,78.35351mm,17.0224mm,Bottom,270.0
C130,63.86991mm,31.1411mm,Bottom,180.0
C131,53.887409999999996mm,34.1946mm,Bottom,180.0
C122,63.86991mm,28.9859mm,Bottom,0.0
C114,48.01911mm,19.1946mm,Top,180.0
C103,74.38741mm,13.794600000000003mm,Bottom,270.0
C113,48.01911mm,17.994600000000002mm,Top,0.0
C102,74.18741mm,21.1201mm,Bottom,0.0
U105,58.47801mm,25.1446mm,Top,90.0
R430,35.1624mm,52.719598mm,Top,90.0
C431,31.712400000000002mm,45.069598mm,Top,270.0
C430,31.712400000000002mm,48.769598mm,Top,90.0
U430,34.9624mm,47.449598mm,Top,0.0
D430,32.7424mm,52.719598mm,Top,0.0
